id;code_section;code_parcelle;nicad;superfici;titre_mere;titre_cree;numero_requisition;date_bornage;dependant_domaine;numero_deliberation;date_deliberation;nom_geometre;issue_bornage
1;Chapeau;Borders;magnetic;12992;toutefois;World static;glycine eyeballs Chemise;2021-07-28T00:36:32;DOMAINE_FLUVIAL;analyzer Pakistan;commis bleu compacts;Bronze synthesizing;MORCELLEMENT
2;rédaction Allée;AGP Total;superstructure;75394;facture program;Chèque;tesla compressing;2021-07-28T02:03:04;DONAIME_NATIONAL;Mini;Est argent transgender;Ouest;FUSION
3;Longtail de Nicaragua;Congelé diriger;program VGA;69175;demander c;Est;peine;2021-07-28T05:31:36;DOMAINE_MARITIME;Femme Pop Intuitive;VGA;illo;RECTIFICATIF_DE_LIMITES
4;afin;ipsum Caoutchouc;Neutrois Nord;47927;sous;Hybride;piste équilibrer Bangladesh;2021-07-28T10:14:29;DOMAINE_FLUVIAL;lors;empower;Outils;RECTIFICATIF_DE_LIMITES
5;local SDD orpiment;Femme;Caoutchouc sauf;7677;implement Demigender cinabre;retrait Femme vroum;architect Electronique;2021-07-28T07:40:03;DONAIME_NATIONAL;de Ouest de;a;Oriental Table Zambie;IMMATRICULATION
6;Bretagne;Hip compactes;Focused aggregate Sud;83215;Homme;AI sale Ouest;Femme Developpeur tendre;2021-07-28T16:14:42;DONAIME_NATIONAL;éloigner a;methodology;executive après;RECTIFICATIF_DE_LIMITES
7;composite a;construire paiement Doux;Génial que Silver;22980;a;direction;Cadmium Volkswagen;2021-07-28T04:13:28;DOMAINE_PUBLIC;Directeur c;haptic hé;Femme Buckinghamshire;IMMATRICULATION
8;compressing ferme quand;Bronze Payne;Homme un;28329;Producteur program;TLS reboot Silicon;dépôt où bang;2021-07-28T04:40:37;DOMAINE_PUBLIC;Barium Comores Maison;content de siemens;afficher Yémen;MORCELLEMENT
9;matrix;nacarat Nord;Sud;7021;open b dense;RAM SMS patientèle;Homme initiatives;2021-07-28T12:58:11;DONAIME_NATIONAL;alarm;minima Hongrie;Coordinateur Agender sauvage;MORCELLEMENT
10;remarquer seamless;female quantifying Ouest;c;84245;Funk;compacts Doux;Intersex Montorgueil programming;2021-07-28T03:59:34;DOMAINE_FLUVIAL;Berlines Magnifique;Nord;indexing communities;MORCELLEMENT
